,X,Y
0,-0.16800526007476949,-107.48069163758647
1,1.3938764199182212,201.94483324812302
2,-0.25078664577637677,84.74086219677837
3,0.013533280695358313,60.527182613035635
4,-0.7767019251392181,-26.201326223692746
5,-0.3692523703233945,-6.7645337831300765
6,1.8093284412028932,245.9700207394926
7,-0.08301351508194502,-124.2303773865124
8,1.1703304085497617,-12.705845086086867
9,0.28563030553333474,74.97017187917342
10,-1.4597641377602013,-204.71676368109178
11,-1.1485083385587966,-162.21719420329936
12,0.7151711521587175,57.718848939896425
13,0.5187147515849541,19.517758044165284
14,0.8615857368399876,138.54477823857184
15,1.1954679394393817,-22.769166660726356
16,-1.1658869038577582,61.16286493492336
17,0.6978551192607534,-15.304962573747062
18,-3.3415034491368694,-93.63905439785574
19,0.7164037873091053,81.03019415629652
20,-1.2692922281450312,-35.37812930097404
21,-0.9756159007246022,76.75574342406449
22,1.9859277572125016,330.16252399416413
23,-0.13047607946955508,50.396697953749694
24,-0.5039739724479508,-194.4142604011131
25,1.5828786637159307,75.32656076811683
26,-1.8153004723813149,-39.71470616780606
27,-0.3899636199962422,74.36934806201992
28,2.771385899017646,456.4391442197404
29,0.6796378499743329,150.96737837113443
30,0.13829875379717418,62.658767836061806
31,0.5684590660476087,54.292258699113255
32,0.648210525627494,1.9407908456617662
33,-1.6978125801769275,-202.19709718557408
34,-0.05607286580594608,-152.77107682249073
35,-1.5712121871588987,-96.5558562266244
36,1.1723036994747429,83.41111560677673
37,0.3076347431151314,-6.799848330646089
38,0.3328201869969435,64.85988148765605
39,-0.6269177157482132,13.787100156118385
40,0.20824473851330552,43.32478022377529
41,-1.3468561410441175,75.87109557859489
42,-0.1760983002248027,-44.06026893057934
43,-0.024182437428247872,-43.84334996963007
44,-0.9737527079304601,-166.4691876026048
45,0.20478372815767815,-33.00946391105502
46,-0.7995527734478463,-22.287681312991666
47,-0.5629515877020178,2.324302985519914
48,0.5555131393333321,-24.275251988412627
49,0.13889729033633072,81.36679510023428
50,0.00849681246011106,40.12288563998527
51,0.9819164016279001,249.55572993069757
52,-1.19158377884705,-125.1674305796346
53,-2.2878033098349193,-173.55724244879104
54,0.8593844948708469,-77.57937075202481
55,-0.28380392839001317,-30.578520069640852
56,-0.08357938769667715,47.98406348855822
57,-0.05124532336797237,-76.4127058482548
58,-0.48191627772836215,7.195916155944239
59,2.1512977066213335,61.31575531394418
60,-1.1692186880308828,-93.63336898942578
61,0.6176823771977592,126.37243905909996
62,2.3933723104244478,238.04666282891407
63,0.6460073785817148,-52.91626510844591
64,-1.4602626717086737,-114.13970092966167
65,-0.33101326132295866,73.81470244475312
66,0.25169121073337186,94.76104588294973
67,-0.13485632914140927,-11.773533021418672
68,0.19992625332328742,-61.2916331156683
69,-1.0227186815655072,-100.39994233956222
70,0.7674256876524211,64.21149229429302
71,0.5693521713117682,-37.508684355606704
72,-0.8995922967941439,-39.412359023504514
73,0.4432443748094738,-106.43077055308189
74,0.5197801086601849,229.08966296916654
75,0.4199170358428858,191.53979208997342
76,-1.2776532019105713,-138.7390726206464
77,1.3260683043945327,140.4663746156536
78,0.8800554673190326,216.35148336292224
79,0.18155842245056733,26.11658843797963
80,-0.5229463112676365,-40.51639580454527
81,0.21066029960118193,23.166191119031375
82,0.8534210382205655,241.5489102035022
83,-0.3192451708611769,115.59905640889107
84,0.6939198344649302,67.44931670829897
85,0.821056548001923,119.36865254695597
86,0.3445090553077609,204.9050392331884
87,-0.939350314521178,96.45782802036723
88,-0.8432288278518957,-92.51882295115814
89,-0.5073760014299332,76.18639431019372
90,-0.2558784272200717,-37.01411736759876
91,-0.15476581801552455,-10.305440060044344
92,1.9533264581554552,168.45008756312058
93,-0.17927632611276223,-37.47846747002259
94,1.0995135576890431,66.77679663505008
95,1.501099114335319,215.32883855385592
96,-0.8013613787605662,-98.5218925018363
97,-0.09499014711998341,90.22500632881084
98,-1.6076233732711214,-91.40778005390143
99,-0.6613924587923976,8.738279655675619
100,-0.5772265730720701,-161.24428519688945
101,1.0234875181812735,76.46258324909638
102,-0.4591179627011833,-93.74078489982026
103,-0.6383013899075898,-142.40695736806975
104,-1.1090622817078815,-126.25226444958092
105,-1.6562621097867425,-86.87808987777532
106,0.1207576862225513,27.022562319685868
107,-0.03221520353831286,-97.19987663863012
108,-0.14442613145496824,-55.949337505118244
109,-0.4640046618664568,-5.389045941133624
110,-0.18298522468863546,-115.37256203905594
111,-0.5254417588606711,95.2949875553661
112,-0.020622562398764567,-64.69523861406668
113,0.8425223768603545,14.729749586393666
114,-0.22837100851566342,-55.243252486402596
115,0.049774401732423,16.716026349917538
116,-0.683890927889242,-107.14387777668723
117,-0.4791196204604492,-66.28809091600448
118,-0.9951922845921879,113.30833941783935
119,0.3824022103992365,17.732191686642643
120,1.6395062544094097,295.4876284011314
121,0.9939431144171927,156.31913367089436
122,0.28568456263555764,-62.810341891930776
123,-0.2506408838030001,-106.39136186699135
124,-1.185962976059826,-30.562902637625967
125,1.2853422459843464,166.67258549514548
126,0.07795581721206328,-72.18817345670918
127,-1.0858828038563735,-375.80872022378674
128,0.08144175141264179,35.09649110910582
129,0.5688999835592398,229.6436123855178
130,1.0235703202370983,-1.0397502853947884
131,0.3201596399052494,-105.7536036042566
132,-1.1564682585999124,-81.02070616943766
133,0.3971475076950458,47.14042933955217
134,-0.7144343830683886,-14.500775218095818
135,0.6803324185766837,81.85288829202386
136,0.7678235261025584,2.0231426849586995
137,0.965625856568429,-10.13042341954899
138,-1.5604220350106757,-278.53188444153034
139,1.2380361167251481,-76.92257478175463
140,0.9286761440270329,34.92367704595083
141,1.3435850130931235,-40.11997533784391
142,-0.29244718252426716,45.98546441654064
143,-0.1489966635817484,-62.318089239344374
144,0.40815849413387534,49.91074252693812
145,-0.10437490803866364,9.886618297681478
146,-0.1849388191807669,-52.49060437061664
147,0.7803846204767474,-98.3421272693357
148,-0.7997669162173786,-93.22749298729808
149,-1.5923172711002782,-98.26459930117318
150,0.2965537281870538,-26.361441372649843
151,0.6092986321343008,-132.8992353737009
152,0.02638995603754972,-164.52995801849312
153,-0.447452026484964,-69.6553103025519
154,1.3905026693134563,159.56837257890834
155,-1.1150767635358936,-47.94530901579094
156,1.9528144977772892,161.82710701315614
157,1.0130551311232825,63.08003643312155
158,0.23641916546980732,-69.89100841889889
159,-0.2532308469278503,33.380719107668625
160,0.8348802545689002,134.06426502349814
161,0.4183883225999933,-58.70466837277447
162,1.078114261618941,140.66148417079282
163,0.9968235544508405,-49.01543688661246
164,0.9336975389842425,-18.882397550929312
165,0.5913527021350653,34.03594056008174
166,0.979829108861294,103.05478873415473
167,1.2075887626088975,-10.451303133838493
168,0.09401810941321705,31.694274898150063
169,-2.123231898339151,-225.3846063435584
170,1.9019463638570093,85.94659662586344
171,0.5257179235799057,-3.36556986169893
172,1.266003281781123,36.56046284679924
173,2.4855010573094245,255.6573014694443
174,-0.5737233492769388,-260.2570891967734
175,-0.7989965007904322,50.92195237849761
176,-0.11073336700768585,48.616628833008136
177,-0.17128691457838635,46.84274631474132
178,0.9009384580336975,-9.174515269160722
179,-0.9953090113553154,-76.97947513810504
180,0.12967445913008047,-6.540355226902832
181,0.3971770674022684,7.036463544566381
182,0.8957919852932485,7.535404859277378
183,-0.6121639707468244,-1.8508611502117347
184,0.4480262208820002,122.1956507913072
185,1.1089428904283074,32.015568391381834
186,0.11609873039464717,205.49463663772138
187,0.9466199712260257,242.1137485521179
188,-0.7351765465908537,-58.33235321165311
189,-0.4411367699312809,-75.4528417108125
190,0.26432361196087445,-144.36891839363287
191,-0.19556438651754243,-17.242207313109027
192,-0.04153690428523485,-87.74100042507992
193,-0.5094170269801098,-91.1316214368027
194,0.38289392798490546,-17.780843213624394
195,1.4124000701386787,64.41627832703207
196,0.28624500245848256,59.283531498469415
197,0.8281609065179208,-36.42442739205187
198,-1.3081032948015974,-214.95050524263996
199,2.6353552559386624,122.42115479470395
200,0.5484986158355661,-91.23393840517735
201,0.10527957283773469,-8.415262303861017
202,-0.32358315522013753,-10.019121149557982
203,-0.12519399466842943,11.286409545717916
204,-0.5411145605702892,-78.33307610356977
205,-0.18563412095575046,61.95945310332551
206,0.8265849083650819,13.77160600691223
207,0.7921562155055569,291.75593734025745
208,2.0338917758636383,217.43690366919998
209,-0.4545530986844105,-147.27240610185416
210,0.18043253013053515,-52.46743484874908
211,-0.557904296429626,-70.22772925197697
212,0.7064947390822675,3.184913651597455
213,-0.7871993679406512,-81.76493744459134
214,0.8661641356277728,57.32917194471854
215,0.6566368258004074,78.032839733204
216,1.0925766113632152,111.451800860932
217,-0.13673965754874118,-141.389713583354
218,0.42236470245927477,216.21676480711727
219,-1.6486108109642206,-159.65670661915757
220,-1.672213487124473,-247.68791013788143
221,-0.8740625734280054,-130.00814333074896
222,0.7422738813749394,-12.155256232762582
223,0.7251518121881685,68.00242955574063
224,-0.884426496867858,-144.4142060173118
225,0.48550104142346645,187.39157596977412
226,0.2446096270539548,113.08977990488057
227,1.0458785839047346,9.084935416008591
228,-0.6206559242589548,-86.14414400121636
229,-2.0895196680690984,-128.38422819608746
230,-0.8695689321373797,-69.14042952487485
231,-1.631259106146514,-248.70289334728307
232,2.9275081097603155,365.71217397869543
233,0.2710661577278654,4.238203703557669
234,-1.4750263181932173,-280.21669839869924
235,-1.3439516421414723,-126.00110460901303
236,-0.03769045908330772,0.2104042041257368
237,-0.7648981597161995,166.9437445965787
238,0.14692527774113398,-20.078611449005884
239,-1.2477670457789491,-205.84954531406697
240,-1.721493047796593,-176.97178840706067
241,0.0653314113397038,4.348328206514865
242,0.37674294398891695,71.06076344342588
243,-1.336061921215329,-134.62691230386787
244,-0.3480196592952119,-130.11931702637753
245,-1.3726583830206482,61.22400439550236
246,-0.7215276229048846,-39.90259834079253
247,0.8820142214197122,38.648466117319884
248,-0.2247749347765477,72.04241891768505
249,1.9199370841052414,133.02844456789373
250,-0.8606286287311901,-30.724286573306834
251,-0.40096922898981113,58.74421375503154
252,1.1511069225271753,189.79660229757854
253,-2.403367975933943,-260.0337423286601
254,0.7865625660089423,-113.81045591195135
255,0.42355113344023365,127.4078175499976
256,-2.9666439773665054,-492.51272163356896
257,-1.796689377658786,-187.87198963434275
258,1.0209461352913067,47.900978218079175
259,-0.37454389956620826,105.98118177821476
260,1.7149197154070566,94.31979787982453
261,-1.7326163873836145,-123.69755105692084
262,0.8705111360442586,-62.94271611194743
263,1.4547111769801468,56.41059375018405
264,2.045376639064245,147.75402307865102
265,-1.4483991496409294,-160.996074978618
266,0.5594486602733063,-17.07511081219061
267,1.2628639466723879,149.29712014760196
268,0.6190756618694475,-89.71142107578233
269,-0.20026451955091998,-5.415755568537335
270,-1.6085787377814125,-152.0711270362915
271,-0.2416720628677117,13.296844264048126
272,0.7565015150649074,74.84860465964404
273,-0.6662260599092797,-8.15134376843114
274,0.7538277379812623,207.61348470891895
275,0.6729804313649549,89.72166912668288
276,0.27804961084078345,-74.71198613381463
277,-1.4134126701647243,-128.12399681047336
278,0.5073854302715463,80.07936256911202
279,-1.0163472830599167,-148.45438645868362
280,0.40292730980675395,49.03373644829271
281,0.05376099120451292,43.54522345210738
282,-0.2600956755036165,-16.82098375836779
283,-2.1091854809699346,-30.686360257392153
284,-0.33168631248781577,49.22219066884763
285,-0.23678037187018552,-125.58168796613768
286,-0.6299818113714453,-98.30419169582345
287,0.18930885960080798,151.0486293692281
288,0.6043551153187517,71.23498971596531
289,0.6840411261022757,310.791794170848
290,2.4656868983120206,257.5474829834245
291,0.6829569804310365,46.77506225544486
292,0.49260297050447766,109.68019396909797
293,0.31979546655652724,51.621361705917764
294,-0.18361914728727166,-121.63998310938842
295,-1.0095560731183766,-44.79351315679764
296,-1.4341263689966868,-259.4558218984133
297,-2.173685178190615,-220.6881919826538
298,-0.9179820630427475,-64.80101846464039
299,0.5996546643190476,126.96713407538772
300,3.132309780928626,291.0247964286248
301,-1.060231752427313,-37.48341521862208
302,-0.6125690033264148,-64.03909515697228
303,-1.5251964835188618,-235.90700963112562
304,-1.378680305203028,-211.10831593336638
305,1.5439873680104068,168.76040630425007
306,-0.003453191161530902,-127.73383092426472
307,-0.12622394993266514,171.63186977408952
308,-0.8370778332028226,-18.47588634315256
309,-0.9283982768175383,31.050227870393684
310,1.3970422992651468,222.11716832461423
311,-0.0804971950011186,-121.77745665846277
312,1.1590451811034046,179.93712717766493
313,-0.2614235372832084,-82.95987326378224
314,-0.16210216796593713,110.99025263379384
315,-0.5103470683116276,101.55742472244518
316,-0.8524801144450265,-144.39904495600769
317,0.34361694331312553,7.278082030309736
318,1.5617792058612328,192.5014816338692
319,1.5897207835931715,312.72915466035016
320,-0.996693646448128,-14.041964509524988
321,0.8116815990081832,58.29402722435702
322,-1.5489215988842702,-354.92299987000854
323,0.01452632931606057,-68.19054672006868
324,0.01269755103364434,-122.86161334884335
325,0.8268513175462731,53.93917665548186
326,-0.2430112782808095,-5.522330211047173
327,0.16909366458030978,-135.9955614510076
328,-0.19490883634979397,-10.214319886863468
329,0.29502830621844683,164.43262116042968
330,0.8071263301751282,88.13526906653361
331,2.8408981306030667,281.9792828599751
332,-0.9598546554917579,-168.34845052454955
333,1.1741233371900113,209.69904321908126
334,0.09890314809715087,118.96922679351128
335,0.693634938002187,204.70955213842726
336,1.1969489019050796,173.43916449368146
337,-0.09317957495450288,79.97701111316044
338,1.8346304473871229,286.23022444581943
339,1.256347976806852,25.504692972686428
340,-0.7685324679693225,-187.61014611721092
341,0.35439630804620637,97.27018254266292
342,-0.6680683227267937,30.688329998698336
343,-0.5113402142908127,37.4088901812398
344,-0.7173081904080468,-106.93949852304779
345,-0.36980114658626045,-64.10270029865852
346,1.2357452909642832,-96.03092719088502
347,-0.30355337730615073,-19.242438057230387
348,0.8525631122774265,-88.98024127542804
349,1.3977094560942065,149.05455937553984
350,-0.036221258406120636,15.566251383138498
351,0.4982079984554306,201.6991667549673
352,0.7654255112635284,148.14002087900505
353,1.209188660305369,69.65020968410187
354,2.5718677779224053,291.00704829910234
355,-0.5741950303255856,47.954749518632
356,0.6484245426374001,-69.49280777080602
357,-1.8694649200545144,-192.30029377449068
358,-1.2480478016061574,-152.53981651634382
359,-1.2198557855530379,-57.902775121674736
360,-0.3842734300137715,89.95566693689386
361,0.5176495853281884,37.365278088439354
362,-0.3467034153881158,-64.23783039131418
363,1.2927471772865249,293.5855611704186
364,0.7524440362101281,-43.0090528460004
365,-0.3401643713249329,-80.31703169926513
366,-0.07349287688413161,-126.06297427136899
367,-0.7869687438009829,-139.1148007385047
368,2.1322616761483086,205.70944782649696
369,-0.3002317173867743,-39.49325942139887
370,1.4782667200631703,26.398345734788364
371,0.9418610622964196,-99.85496411809292
372,0.4711901425678287,-164.73940006436877
373,-0.33917934546692097,17.745184460572293
374,-0.23231834666841217,-365.0522827739201
375,-0.25597247234355014,92.40893315208336
376,0.04177793508208077,64.04192490756601
377,-1.970676348499445,3.692314833454219
378,0.9455536865340479,12.122461886608633
379,-1.605332805402697,-77.67398398005102
380,-0.054198483314138096,-58.17559094210851
381,-0.43441865618546766,-198.81899313634722
382,-0.6959774239183305,-19.783076522806574
383,-1.873561756649966,-53.96340499416142
384,-1.7962584626517293,-169.89350066859294
385,-0.15306050198605772,-66.17232190608706
386,-2.7365482363019344,-10.47847754703335
387,0.7120469020159149,21.249220270305628
388,-1.705819002638308,-0.5431263440171108
389,0.6263616418017516,84.85586575804213
390,-1.1331140799377293,-157.00362490838728
391,-0.8533764070511032,-261.813269685273
392,-0.4239385841532624,28.19874741549763
393,-2.3116082674157656,-140.08852700596285
394,0.29974108156213153,-148.98088262627383
395,-0.7334353978261186,-78.81281508648325
396,1.5637145157607395,167.50490063658054
397,-0.627132336651752,-78.83803700490303
398,-1.038391445521827,-12.437989720033414
399,0.6174316427366866,41.38934331896535
400,0.18440437382971156,-88.30062085368023
401,1.9421514281660588,260.13780010814116
402,-2.5817963098293184,-312.31436334364594
403,-0.08233525799703423,42.95041038462629
404,0.5814687734597221,103.78399326792449
405,0.08953332011423124,-185.8085671504628
406,-0.26700358899130433,-121.4121506513212
407,1.450578249744266,52.604516058805444
408,1.6317859244288178,281.70400043609766
409,1.1517003376653414,251.80583958629907
410,-0.5921543934787176,-143.2601058806602
411,0.6100159580109766,73.29888823631381
412,-2.128998522003257,-108.78219410303218
413,-1.3522454405529434,-29.864218153394248
414,2.0884185017510264,209.23585691973585
415,-2.225708553183074,-476.3912507642747
416,-1.1998578618630047,-14.314579691486955
417,1.1377391829508543,113.2650162633798
418,-1.2279089662066807,-179.38273066095775
419,-0.017206231695424574,37.44786784922914
420,0.8299094418918715,242.27896686676965
421,-0.3848029922597986,-205.35651191632195
422,0.40405928152084,-61.725078563695
423,-0.3328424605723747,-11.442161892545048
424,2.0377668049486997,244.41467121672287
425,0.5010036918788789,77.09404979496375
426,0.047078933383260024,45.93048285408039
427,0.08151120332071088,-56.78902246907943
428,0.7965872273348756,-5.656518009247975
429,-0.6624116364682052,46.610546533125586
430,-1.2308537415941956,-164.68770582216703
431,-2.5639156075254994,-212.2386822828314
432,-1.5425432517776334,-249.79947474892407
433,-0.6393753051087222,-169.7346012404147
434,1.139856428988869,91.8670075421526
435,-0.4856160359095668,174.6861538900061
436,0.5731559354468734,136.86398818604954
437,-0.3241600384548922,-9.67648494586961
438,1.1991636566706263,74.04644825552944
439,0.49472616100349126,183.56353091167105
440,0.06961902801307765,51.57721338422636
441,0.07466150852954388,94.71725235069292
442,1.4015986722453886,-24.656018177551786
443,-1.2624999819930787,-56.85417758589702
444,0.8378046177898065,181.34582191134555
445,-1.0439269955229835,87.00329522851605
446,-2.2494334558200726,-107.98549759928137
447,-0.8954211520604869,-64.04726453331196
448,-1.290083621674849,-84.90189959255329
449,-1.8549436429676849,-286.2707574583096
450,1.0898566652602906,131.30357185857264
451,2.7583786691243404,129.8111611077395
452,0.39096151316437255,60.69556677008603
453,1.526753149186502,303.9753547252851
454,0.1491204891116419,-133.1789552663855
455,0.011040997389988339,27.60344766592195
456,-0.5035204930901928,-263.27656291405333
457,0.023626446422821332,173.44787184752403
458,0.6594692357103956,50.334875875173225
459,1.9435108588127528,169.40647739803597
460,0.4564627111341995,59.20908325883131
461,2.2229410479649547,421.0310345822496
462,-0.7715237490472625,-165.6074622235927
463,0.29919419353404536,-28.172421256477627
464,0.32558253347098215,115.72911811438077
465,-0.8977071892092038,-143.83484331971366
466,0.08193032878262856,-187.67284680883387
467,-0.5504572717725025,-69.65493852080029
468,-0.3953509113097594,-3.706516639352703
469,-0.2338431143338457,-206.34636067132536
470,0.15658050941095758,-62.65995908214568
471,-0.35709795692496465,52.9349197814408
472,-0.6813456428486195,-69.8826808322434
473,-1.3400612537696546,-265.35024010075267
474,0.5283350573001262,90.65459828991638
475,-1.9777876597554718,-5.325872954990928
476,-0.18513254688821656,62.887368327480246
477,0.760529696870609,24.515815647984198
478,-0.07568550583822777,-63.15828766333639
479,-0.03986665232905255,240.92957607764325
480,-1.2604830344436926,-134.11326162622106
481,0.9381963582450185,142.3352419199903
482,0.11982462881191051,35.81713557227647
483,1.7143389584783286,78.32903296224433
484,-0.3929896177176308,-38.8126288634402
485,0.5971180106311044,16.234850260229663
486,0.47508510854589875,4.497003904091237
487,1.4795092358182278,139.931542040141
488,0.7224136440300591,148.35655094676326
489,0.668951724349782,79.9258730942755
490,-0.7945912148216435,-164.80849785679317
491,1.4129888863639462,-72.43853050857076
492,-0.6478253787513945,-24.60335603364994
493,0.290774829537189,133.67277748740418
494,-1.3619985774147734,-255.74388179610986
495,0.5530838910915138,42.28251573854874
496,1.825006491304157,119.29309904573677
497,1.5942783790252395,166.46783779027643
498,-2.3392229375125244,-222.93722386902178
499,1.8031730169321598,177.87193806376004
500,0.5773722954528856,42.14716903519084
501,-0.9010076538132772,60.0656064484773
502,-0.2786844441916337,133.83717182458855
503,-1.0645134862608596,-30.91458205458305
504,1.733389487590888,71.78846933635073
505,-2.0425521404409435,-147.87579088658444
506,0.7254403452717063,112.97912230326072
507,0.46156380067872804,214.72737993179615
508,-0.3763784023342596,121.25788523651306
509,0.3418553202847357,98.58109882628901
510,-0.17204430742059043,-36.73855378733085
511,0.388135504256647,173.7021282596243
512,-0.11656511430221667,-57.29195445564824
513,-0.6282258051631823,48.64958121414045
514,-0.37387365942507567,80.65447613476971
515,-0.4599020053583749,-157.54890327415913
516,-1.7035874855094384,-52.667162947539865
517,-0.45467734077122257,-53.20426537868946
518,-0.6570631316517347,-90.07571238233156
519,-0.7660567884566117,79.60916262670861
520,1.5080729850092573,305.7272353693397
521,0.6506782720327804,152.56286999147696
522,-1.7730560899635635,-342.82537746838125
523,0.29059069103823093,-75.61575101185241
524,1.2536235895086627,158.12211221394102
525,-0.029390765658663172,-32.03147747676119
526,-0.5304565116419488,60.569839020102606
527,0.7611300077519567,65.83332529334685
528,-1.2678875407807104,-80.00879497623838
529,1.7725864297550726,251.37553253780504
530,-0.27548308370892305,144.67699292356988
531,0.009728153558925201,12.209781942130467
532,1.6938647491114798,134.4228464651429
533,0.5385629345627764,72.80168485304607
534,0.42224064764455466,-38.71143181185193
535,-0.6003691685570005,73.2531976118695
536,-1.935494531810397,-178.12700560331479
537,-0.4274987168102045,-39.209891897280265
538,0.19587017815506805,-31.797591706870836
539,-0.20615036015579674,-52.55441412638882
540,1.2170536584352991,79.7224106388066
541,1.3047273647782869,233.54173470566138
542,-0.2798805914240434,-123.75345161003226
543,-0.39648431692364544,-30.397157144808045
544,0.3375129884932794,147.82387069435407
545,-0.682299733520577,-65.25541458318627
546,0.6268796954204824,60.746789132707754
547,0.4772086920854623,92.50075655480013
548,-1.1989941250039522,42.10374744930448
549,1.3950002241266213,134.69476491334294
550,-1.071930180632017,-278.39522302015575
551,-1.4369628301662234,-124.51885581824783
552,0.924190698166467,68.64682049871507
553,1.1716360931864247,146.19588479124172
554,0.7866927080851157,351.9287653161039
555,0.5221386191671631,2.642105205849944
556,-0.931676131089199,-96.53518553259842
557,-0.6878632575520744,-175.10671696514277
558,-0.7766494174745964,-18.73946720296965
559,-0.16556674194356455,-147.52548761559692
560,-1.1752860049880844,-75.39638050609173
561,-1.2337021611045853,-126.42697824219948
562,-0.2041773483960601,133.54219598396463
563,-1.0637433456297367,-209.15753281190388
564,0.2083916559946222,19.417183830229295
565,-0.10355188700175035,126.5160933555619
566,0.9441690813585096,106.33692632058916
567,1.5233196153344026,76.00838956972595
568,1.5727549992270227,74.49617889590218
569,0.19483670297969563,-49.311262776041296
570,0.1658346805018815,51.253895779819814
571,-0.14527827651403907,33.19206753750192
572,0.17774408913436035,-41.2671925435359
573,1.0486366146610597,37.93316932724298
574,-1.1475620130646078,-115.98201296952551
575,-0.2912433468165111,-86.57219492538526
576,-1.0356027245911756,-186.65100881162957
577,-0.09054531090208824,-46.84753832811187
578,-0.8915740972472743,-206.6727846862583
579,-0.22698337347112038,124.01170232854889
580,2.2348635688983745,183.4540942925142
581,1.7699597578900421,346.9034501062312
582,0.25385703859121045,155.15542969987473
583,1.5421904784450515,306.2368216122212
584,0.11927136023037456,74.1993502742055
585,-0.6054086538709639,45.68373111457698
586,-0.5297913863475933,-261.2673869003254
587,0.3709449961938671,66.97556400516143
588,-0.6197828816315649,18.25100473209013
589,-1.942810243075826,-260.4027658929906
590,0.6781374721679149,159.82632564259106
591,-0.035890045624045644,125.44839822702558
592,0.062279373484885776,-13.502194471352531
593,-1.0532356392505795,17.127023435179254
594,0.6775087069141706,62.73171098417593
595,0.16360818668413035,71.03982955614
596,-0.28199937787144536,-16.204209435567243
597,1.5440320512149286,38.79176461475694
598,0.32272679434435203,20.956675585778022
599,0.4459242474819938,-7.030961861497843
600,0.3345163377768482,-26.643773151377406
601,-0.4996631962840286,-90.43451555780464
602,0.577580163475784,105.02204090528537
603,1.1005621748242365,120.34261775565766
604,-0.470225690722765,-130.5750969100148
605,-1.3105396292111777,-70.36700200144516
606,-0.3041770304470178,-154.67894183537578
607,1.3004094315597532,210.81605560734593
608,1.7191341131792703,22.94285781472601
609,-0.4488065995770717,-56.92009322281603
610,1.7710632975589957,170.08108012259638
611,-0.08633290502944495,25.71318225935149
612,0.03152016305836182,18.91278739347777
613,0.4133277430015552,63.32237744172865
614,2.5492408533914173,233.25609905152277
615,0.4027694407685646,-19.558029763490822
616,0.4425152681976896,65.39049427602652
617,0.7943280234632225,145.71096172123958
618,0.1506193848446969,-21.32149433774944
619,1.5698459649160788,215.7513848897001
620,1.0902113638827464,192.41343071207004
621,0.1338581594906727,32.54320001467494
622,-0.5540190378035411,16.499436337600066
623,0.37586810445995983,-87.49966183426793
624,2.1258966290732215,189.5684273086463
625,-0.850563399944359,-261.6637173998148
626,1.6558877676408474,109.04642393403577
627,-1.3511168036560575,-18.502232050939426
628,-0.9292291794056174,-169.9785747772844
629,-0.4025193528885124,52.93867898361645
630,-0.7036935060238557,-138.3636913768301
631,-1.7958329017042494,-46.71205836227648
632,-0.543243892824483,-23.49384628819762
633,0.176636370483197,-170.26256705032836
634,-0.36220510641505976,-20.96107293055003
635,-0.42726105260044844,-35.058048244245
636,-1.396374493907185,-121.48077648892405
637,-0.2269110286768693,20.67364784712042
638,-0.17113491501005035,-166.38204723221605
639,-2.469544332367303,-124.75499042730512
640,0.3762260894210433,9.885797956405725
641,-0.22283871041773343,-29.68116889766246
642,0.22514191919502813,-19.79187731294156
643,-0.5561051430375984,-142.3195581967683
644,-0.6209271741359057,-163.91969861092846
645,-0.41765453075656517,-1.7865595874367557
646,-0.5214804739681566,126.08781887182323
647,0.6243369373347226,30.93137730630756
648,-0.05433941722861124,75.38151678742398
649,1.016436119612558,81.91151183339352
650,0.6032169153666487,143.40931818675148
651,-0.7632174173666969,-35.90121112994919
652,-1.1288733666724593,-269.9109139194216
653,0.5627571646515588,-69.72875276220924
654,0.41940086116056585,-6.792063332005895
655,1.3806158492316436,173.8380049257075
656,-0.5663988815827673,-56.940908867423275
657,0.2150255010265027,98.44707983759018
658,-1.4436260254986781,-3.2775649990386597
659,-2.4525924583388505,-52.475683681294015
660,-0.10872742185269844,42.09551977237957
661,-0.5892879066742762,26.761828299930578
662,0.42632771691685717,-62.99055540775018
663,0.8563546065825904,114.94360319823417
664,-1.3740558961984208,83.72003176643514
665,1.2856054152322811,196.5580447405309
666,0.6494457179255575,19.15745524142779
667,-0.22693700205508183,-108.08767019355744
668,-0.1705928048543867,22.168213975411412
669,-0.19338003085047528,12.93941385552753
670,0.14050178724781648,-212.08255854264854
671,0.08465965245567675,212.77549912123018
672,0.9025062476860554,43.08922362627119
673,0.6705073791168089,69.69217493945386
674,-0.26254478007373516,-91.39606911266712
675,0.6247637372987047,30.304086785668563
676,-0.8065189707541571,-68.81310955783776
677,-0.03716775369371068,-33.86803671039866
678,0.06412937889868531,-201.81861494721073
679,-0.700675508624289,-32.9356024064339
680,-1.0780635701938854,73.43982677451622
681,-1.3696789493626143,-160.80657838297947
682,1.0520739279067504,-5.947414252358399
683,1.1025506814399326,140.47393823775423
684,0.6957771283716997,131.82544335964312
685,-0.11647319079765044,14.776402160250624
686,0.38431068682440517,121.7181226031161
687,0.11947343269488132,152.28697879029906
688,0.5207794664390254,66.81388535724675
689,-1.5199612467533299,-162.88244328611458
690,0.904486637104095,137.83146032480494
691,-0.15169884185214785,-68.95956423359424
692,-1.167543290397304,-0.23546470241180373
693,-0.3898939886520935,13.244321500581819
694,-1.1416282145513668,77.27898425197188
695,1.056678254023927,139.08610632533737
696,-0.031339222777714434,-91.68017470611694
697,0.6172444466803156,59.345690307727985
698,-0.4360374400425781,12.727606267210241
699,-0.7730947601275294,-40.194745040374556
700,0.8938613097174707,187.9195179908856
701,-0.8749633783374069,-126.13279917689493
702,-1.508843031923055,-35.08040170429153
703,-1.285813137392499,-208.99637367611723
704,1.0737352910781681,197.12880804943637
705,-0.9423958573708159,-61.45473827401581
706,-0.2966289291342519,85.71440055714305
707,1.8561271426862862,-55.50450414739666
708,-1.0702021622565951,-24.68607671856404
709,-0.22865476187683484,70.82797157341984
710,-0.7405185312433733,-14.275898015590975
711,0.17014134159921154,50.515325629527055
712,-1.4269879540417716,-259.8671214051741
713,-1.1726387993622829,-185.18109044489736
714,-0.621147668955477,-0.9131833855102442
715,-1.1734861735620936,91.86784547544723
716,-0.08678210786857693,10.244419405407154
717,0.45632660297517047,3.873687913428512
718,-0.4458000869483743,-35.75781005211974
719,-0.9410925319038461,-114.833182436735
720,-0.19863323950570977,-160.7672046951615
721,0.7815859757837131,-49.742352535693925
722,-1.4296601924063523,-378.0237732049484
723,0.3078068408381987,56.390481158729855
724,0.1759118099713262,70.6725703300386
725,1.3453782973011787,128.04191501083716
726,1.0189454307324703,41.89256025798722
727,-0.012437610509641277,-27.93807603470882
728,-1.1101639443971174,-39.61278638627079
729,-0.07566957427344179,-177.2452931415909
730,-0.47057518383342817,11.582010894624815
731,-0.3259857399400266,-101.07406841709499
732,-0.5641239012745572,-8.271059921483051
733,-1.6166392033900865,-70.44061593921248
734,-1.028711822528022,-56.1078159780528
735,-0.5877939713783731,42.68169948900924
736,0.22123906497550275,-63.54925878397283
737,0.7387647248091643,158.33792921072686
738,-0.2645182274699786,-44.78287015876257
739,-0.24922664471022055,-56.7428453284824
740,0.3156983420912903,10.569852171155766
741,0.44958027057620176,-10.7000500677092
742,0.16684864046904982,40.38555031501249
743,-0.9371673025060746,-76.33263956169303
744,1.3914760240232509,133.17655069592024
745,-0.6206405966951749,-44.098060193845406
746,-2.0363649520331726,-332.9217817721217
747,-0.8620120023918321,28.040794543782567
748,-1.382587500772114,-120.79628522423525
749,-0.16297557240514568,-33.68767503458169
750,-2.1768861540406377,-272.3565640516439
751,-0.445805318298903,-113.07644533944253
752,0.7997396755934253,83.08333965559635
753,-0.6706018680747096,-115.0129372779138
754,0.3936333858227413,8.430696471623062
755,0.08658050758912417,-74.1641951099909
756,1.5387440533862058,196.83096436913732
757,0.14838559055367523,-61.3813600895518
758,-0.3323783602852354,79.56446085280447
759,-0.7945675262967067,9.2451187754791
760,1.3233560937954194,187.64717026014017
761,-1.0251298705931928,-63.23342179650265
762,0.620900653431491,-95.57772872210587
763,0.8515731616891923,49.22231090636565
764,-1.1008225212592642,-1.1388855767251016
765,-0.8689023961375179,-78.43632593746392
766,1.0661571630369029,121.76011164589886
767,-1.178510998566054,-230.01422610173117
768,-1.169108860964045,62.972975676766154
769,-0.6160029642393715,-24.886719207737343
770,-0.9842333295404103,-120.08175234044839
771,1.0559852781386097,68.57264386806342
772,-1.3855466372278464,20.913795755305003
773,0.9313723375972768,202.95333618963997
774,-0.997333480246542,-21.663389239845188
775,-0.5792213450693237,211.06515696177104
776,-2.2619905914332703,-215.4539517851162
777,1.610054397596838,78.93684482226757
778,0.043997839646230795,-57.73223474270505
779,0.6609678940524213,161.14964536749991
780,0.22780245045440886,20.994769566646834
781,-1.0074244420239962,85.57951696973926
782,1.9614042335744355,292.93989170312113
783,0.8982419231105069,117.55249509767962
784,-0.43408473971798445,74.98058166780518
785,1.0603755649339979,53.89592035428343
786,-0.23925427625276724,-95.49477645432638
787,-0.9608806498526561,80.60356185764147
788,1.4050046376034027,145.97890851105703
789,-0.6287908155908793,-64.81070294367586
790,0.5370273719025113,79.54535376114704
791,-0.09565202115652974,150.39216766997154
792,-0.7965820484094649,-181.80144596021808
793,0.5693085900126776,101.99810738763694
794,0.239871996873562,9.200372648646034
795,-1.5005863856765695,-192.62308177884083
796,1.060835587774657,60.065113709325786
797,-0.026218051723229295,-87.62947548037774
798,2.0030200456263443,153.18375141321553
799,0.39599854914377247,46.53191814042673
800,-0.29164112661744335,-242.55426736668272
801,0.31580881501522573,39.02491242893906
802,-1.2258834761045176,-200.13284892879116
803,-2.621690560801168,-267.0515970748849
804,-1.5212090237681455,-56.27028387513559
805,0.6113836643147575,157.57310570713062
806,-1.4644346076164054,-316.42124790616515
807,-0.05931556450144763,4.767486995423875
808,0.3958775972199519,37.60293720294568
809,-0.4038486941219764,-62.594782561535794
810,-0.9120469950891272,-209.16986107617595
811,2.3700946871659134,338.3000305006236
812,0.723061771225281,113.09941239656439
813,0.2580777570080653,61.68756998774814
814,0.8268495425648135,219.74805782707034
815,-0.5481795036773991,-43.22172447040906
816,-1.0053248603368778,-40.912466226971794
817,-0.8906774789222954,-62.353187832846565
818,-2.3066687821219993,-282.2558032718029
819,-1.0834778090475146,-29.74978115135481
820,-0.14159626999364308,56.47730359515387
821,0.45872878445416637,93.06673101456602
822,2.6214035098851136,350.72249344127925
823,-0.179948338308638,-188.31573966021503
824,1.2371775478599019,230.00123173127622
825,0.11114419135518258,12.714219229420575
826,0.6586135041268669,-68.66002755063695
827,0.008732009887608786,-14.857261941147227
828,-0.5776954224539591,-101.4116204857518
829,-2.1660677226422513,-144.0620764439811
830,0.0786371084197286,98.92774818566724
831,-1.068420836151796,-199.7923741206751
832,-0.3263286662099516,-109.71380760382272
833,1.6182849723280295,217.51232042284366
834,-1.739705917274069,-24.485443967328678
835,1.4304479487811248,-27.765190840830442
836,0.23566528445652504,-4.546619097834348
837,-0.3318086189075001,53.00168244399423
838,1.0330576411981767,224.49936432603084
839,-0.7114099695011864,20.647686255408765
840,0.972313896818261,179.13053384227806
841,-1.6487866320918074,-126.74165663400001
842,0.8882686404763764,235.90758554757141
843,1.2793352284592456,2.41465449220415
844,0.522519374956611,48.87383304972222
845,-1.3188196315698753,-113.7712233957637
846,0.578828926153211,74.66097823833906
847,-1.2186946670191814,-188.4541409999738
848,0.9616439802348852,-34.68862107619894
849,-1.2133747356818008,-205.6099819074737
850,0.07904498022046172,19.648770136470123
851,-1.0076836536127092,-247.81664580085322
852,-0.9719271004080793,-107.87098187823634
853,1.7174273772850572,42.902984315883174
854,0.24951198664033297,-101.6938333451911
855,1.2561520845020797,151.13696597804116
856,-0.5458531736581179,139.16310609158785
857,1.6906346063602116,201.6347053796172
858,-1.2079579865096228,-187.64649269400988
859,0.7844968343145055,158.26553139060064
860,0.3847200688353109,60.54442255801567
861,-1.6876314886632287,-161.8468389235509
862,0.7558845858520941,158.27672053003562
863,-0.36647410530779506,-25.716215942411267
864,0.2483049983321418,258.6270854094504
865,0.7729463307863566,-103.54232409857205
866,-1.2377884449311363,-94.6079003158781
867,-1.7453827972099452,-57.872962317487776
868,0.26645247151702106,122.19625104820365
869,-0.32616535183269224,28.54245341602868
870,0.1093173498515659,58.28401062221531
871,-0.5071399951008013,-87.58920340620324
872,0.11087203282392698,-71.56982738013522
873,-1.3708009988734022,-182.25307092749804
874,0.5604533113108222,77.61930280296319
875,0.7897869333042303,10.38876507814112
876,0.374833562063065,-60.089308144646886
877,0.2004824541481592,307.1451359113965
878,0.19559004058354543,2.8832677286222825
879,0.1010481948049772,23.4932947406824
880,-0.7555913878011756,-72.8181348368471
881,0.056821907637264225,-8.140651484847051
882,-1.5413232131421895,11.23563561373254
883,0.2785569631566053,-172.7293777663039
884,2.2478807558408493,40.19970029011708
885,0.42584253546239337,67.13894159392022
886,3.1768395324054257,457.69419895937665
887,1.2261832322829005,8.221700091193568
888,-1.5116289215813168,-128.7417757370358
889,1.8330862939459764,156.61962052981067
890,0.8162784829028569,70.34315015708812
891,1.5292060026139167,-86.45104679864943
892,-0.2107698860351678,-259.1394554938147
893,-0.6959748556592077,-87.2681940452253
894,-0.4742487097098245,-85.95694973235436
895,0.6058116388891367,-73.14379208753601
896,-1.8156735096983632,-262.60325655505386
897,0.027444167789059296,26.924198234520947
898,-0.3562050008365199,48.541493356436575
899,0.3875778364367775,104.57629451208506
900,-0.2484166111593436,84.48820656026012
901,1.2860042863075265,178.50031090333687
902,0.19443961897701084,-79.49976154412417
903,0.4037818884371606,237.06582832585383
904,0.24937145906851174,-54.243902337852234
905,-1.479528979389868,-42.98475832878886
906,-1.0156529616605687,-110.52075583568347
907,0.3278441626976836,60.001108923352284
908,-0.5611391761584341,-61.42480079137536
909,-0.8340201124837755,-26.87885186005326
910,0.5935014324810715,51.913032657688966
911,-1.161795433271125,-269.98687752172754
912,0.03825448172731038,69.46519767152921
913,0.7933746767761378,-77.26293801837382
914,-1.3731384849034869,-116.96089999202667
915,-1.0939171883592653,-68.62623578682226
916,-0.80951195489625,-36.8268500042409
917,-0.8557799306510517,-109.37015389181934
918,0.3680189486749405,108.62233484853672
919,-0.7778099069825526,-36.75837575934215
920,1.5265179505429936,135.81737338094763
921,-1.819353220666861,-31.072032088376517
922,-0.5891564386141078,-3.020854889764685
923,-0.22984904018782848,-96.05716153654808
924,-1.2748993938708058,62.979541889666706
925,0.6058998920051164,164.1325208880312
926,-0.7650859440337052,-81.1939231804503
927,-0.7805627619533695,-8.635579917133434
928,-0.7693719149817706,-242.84022111979385
929,-1.7198970734778447,-24.266495702015405
930,-0.9246545348662546,-59.14096924931827
931,-0.007189794910782992,77.87909743843046
932,0.3188746793873423,-22.446031122916516
933,0.24283197254142283,-9.831409778342532
934,1.64447014422966,40.33814133877479
935,-0.23739459419055944,-159.12580270043634
936,1.7012981596125447,121.70963179517558
937,-0.8571727806198557,-113.33777648742455
938,1.326558084853692,-45.08190618564518
939,-0.5377043702291872,-96.6686506716648
940,2.4851825547256396,239.04327473510432
941,-0.8030569515302898,-41.193584161428745
942,1.5724224764450807,275.51855845271626
943,0.6602933147208722,70.47147693209942
944,-1.0604446583812965,-91.43843411252723
945,0.12097615547771964,21.578207844748174
946,-0.7624965729358831,-70.71815100677948
947,-1.0778848907541183,-162.30710473794136
948,0.7732280417206001,79.92929274172606
949,0.16723201672934568,117.13737701356791
950,-0.1911288607612043,-56.113908134088874
951,-0.30703693334591287,1.5441565655880716
952,0.0046112017285064736,-147.44218941315688
953,0.7979335078932451,39.94218708117643
954,0.2884450703291184,165.22293985852747
955,0.10855870912581021,-143.03367463438983
956,-0.4141363664345505,-38.85744309016268
957,0.017908091537672317,91.11913870512743
958,0.037930548909850446,20.841538665779705
959,0.8079590025395075,59.892843613774204
960,0.4097683464566895,-20.25347083935298
961,-0.045275444457550836,171.35271987956253
962,1.9519543632201983,128.16383046057413
963,1.1684368079538885,18.964729779401722
964,0.11856950768708731,17.05129148930501
965,1.9981001086527976,208.16197855741845
966,-1.1331867421625301,-122.45313755820683
967,0.3659172701380481,11.334662672445177
968,-1.8334587421527386,-181.8985045153238
969,-0.4734521706931756,-178.04112050951414
970,-1.1952547943968475,18.613160972134864
971,0.319590148440959,183.13181666883105
972,1.9036372906059233,-56.94384423679193
973,-1.217520838717644,-81.04910709677763
974,0.08618354157342839,-129.82585348644372
975,0.4258900133333252,99.86705569307772
976,0.4585551397155108,-256.00241684533745
977,-0.1617511466663665,-217.3038500196225
978,0.21549853108563283,-12.819205652301765
979,-0.28642773895598433,-77.10648027969407
980,0.46012694717928443,162.64683913225224
981,-0.4074626893198021,43.935305487856255
982,-0.9215345611118787,-139.88231471900949
983,0.18297568275842332,-168.11898377033435
984,-0.15273292451247059,-22.764082569370302
985,-0.7659526205948308,-42.63989233639683
986,-1.813711073304728,-244.47365679714508
987,0.032306923362263054,130.00986492019567
988,-0.923621530201101,-136.02979863204212
989,0.04922179587442782,58.48559565475339
990,1.2807204853509497,172.76007372406542
991,0.22340564775539556,-37.42091559965775
992,0.3105840960242785,110.31800846922441
993,-1.1189577996763531,-127.7982490920142
994,-0.8431041331073633,-123.13608072637544
995,0.1547333743657138,29.235992457248788
996,-0.48565122003364397,-89.59843103577009
997,0.7321020353814833,-38.14084921132375
998,2.0795478796976195,211.76120457192727
999,-0.8507110313245788,-15.092514022457074
